displacement,horsepower,weight,acceleration,model_year,cylinders,origin___europe,origin___japan,origin___usa
-0.5444475692353926,-0.494001559019097,-0.24108541388369287,0.046655192214253835,1.6885886014478177,-0.89457818896432,0.0,0.0,1.0
-0.949662382513853,-1.3824755958302613,-1.0091574486537331,3.221175650407002,1.6885886014478177,-0.89457818896432,1.0,0.0,0.0
-0.5915655707793996,-0.5462647376550478,-0.8171394399612231,-1.364242789204745,1.6885886014478177,-0.89457818896432,0.0,0.0,1.0
-0.7329195754114207,-0.676922684244925,-0.43310342257620293,1.1048286782785037,1.6885886014478177,-0.89457818896432,0.0,0.0,1.0
-0.7423431757202221,-0.5985279162909987,-0.3225475993896062,1.3870082745623025,1.6885886014478177,-0.89457818896432,0.0,0.0,1.0
